"nsims","Theta1_mean","Theta2_mean","Theta1_med","Theta2_med","Theta1_95lci","Theta2_95lci","Theta1_95uci","Theta2_95uci"
50,0.2701960494855,0.1205928996926,0.269211929866289,0.11980752992746,0.238279437106237,0.0884525197863478,0.306068563036243,0.15676210427531
50,0.2701960494855,0.1205928996926,0.269211929866289,0.11980752992746,0.238279437106237,0.0884525197863478,0.306068563036243,0.15676210427531
50,0.244721973190797,0.0946381018530458,0.243650226942223,0.0936067595791165,0.216544025975531,0.0666952680976853,0.278480241093621,0.128719438902461
